"table_name","column_name","python_datatype","db_datatype","row_count","unique_count","null_count","fill_rate_pct","top_10_values","bottom_10_values","min_length","max_length"
"encounters","eid","int64","bigint","100","100","0","100.0","1001001200859760003(1); 1001001200365550002(1); 1001001200781120003(1); 1001001200844810005(1); 1001001200885870001(1); 1001001200860650001(1); 1001001200622930008(1); 1001001200758360005(1); 1001001200507870002(1); 1001001200880690001(1)","1001001200809180001(1); 1001001200827380002(1); 1001001200008720002(1); 1001001200306080002(1); 1001001200171010001(1); 1001001200885430001(1); 1001001200171480001(1); 1001001200889640001(1); 1001001200869770001(1); 1001001200872220003(1)","",""
"encounters","ndid","int64","bigint","100","93","0","100.0","100100120088919(2); 100100120005888(2); 100100120047588(2); 100100120047587(2); 100100120040287(2); 100100120088560(2); 100100120087222(2); 100100120085976(1); 100100120036555(1); 100100120078112(1)","100100120077556(1); 100100120080918(1); 100100120082738(1); 100100120000872(1); 100100120030608(1); 100100120017101(1); 100100120088543(1); 100100120017148(1); 100100120088964(1); 100100120086977(1)","",""
"encounters","enc_date","object","date","100","18","0","100.0","2013-07-07(9); 2013-07-04(9); 2013-07-05(9); 2013-07-02(8); 2013-04-25(7); 2013-04-28(7); 2013-07-06(7); 2013-04-23(6); 2013-04-29(6); 2013-04-27(6)","2013-04-29(6); 2013-04-27(6); 2013-06-30(5); 2013-04-24(5); 2013-04-30(4); 2013-07-01(4); 2013-06-29(3); 2013-04-22(3); 2013-06-12(1); 2013-07-03(1)","10","10"
"encounters","enc_end_date","object","date","100","18","0","100.0","2013-07-07(9); 2013-07-04(9); 2013-07-05(9); 2013-07-02(8); 2013-04-25(7); 2013-04-28(7); 2013-07-06(7); 2013-04-23(6); 2013-04-29(6); 2013-04-27(6)","2013-04-29(6); 2013-04-27(6); 2013-06-30(5); 2013-04-24(5); 2013-04-30(4); 2013-07-01(4); 2013-06-29(3); 2013-04-22(3); 2013-06-15(1); 2013-07-03(1)","10","10"
"encounters","enc_start_time","timedelta64[ns]","time","100","100","0","100.0","0 days 09:15:08(1); 0 days 09:17:40(1); 0 days 09:21:24(1); 0 days 09:25:39(1); 0 days 09:19:34(1); 0 days 09:22:01(1); 0 days 09:29:00(1); 0 days 09:31:42(1); 0 days 09:29:57(1); 0 days 09:35:39(1)","0 days 12:16:58(1); 0 days 12:28:16(1); 0 days 12:30:55(1); 0 days 12:31:03(1); 0 days 12:17:18(1); 0 days 12:30:42(1); 0 days 12:34:07(1); 0 days 12:29:21(1); 0 days 12:35:53(1); 0 days 12:41:21(1)","",""
"encounters","enc_end_time","timedelta64[ns]","time","100","100","0","100.0","0 days 10:33:35(1); 0 days 09:55:20(1); 0 days 10:01:53(1); 0 days 11:37:21(1); 0 days 12:24:48(1); 0 days 11:01:13(1); 0 days 11:51:44(1); 0 days 10:16:50(1); 0 days 10:31:24(1); 0 days 11:09:20(1)","0 days 13:51:42(1); 0 days 12:53:09(1); 0 days 13:57:54(1); 0 days 12:57:49(1); 0 days 14:11:02(1); 0 days 13:45:30(1); 0 days 13:43:25(1); 0 days 13:41:01(1); 0 days 14:54:01(1); 0 days 13:36:13(1)","",""
"encounters","encounter_category","object","varchar(50)","100","9","0","100.0","Office Visit(68); MRI(7); Special Studies(7); EEG(5); Infusion(4); MDA(4); Multi-Visit(2); EMG(2); Voided Visit(1)","Office Visit(68); MRI(7); Special Studies(7); EEG(5); Infusion(4); MDA(4); Multi-Visit(2); EMG(2); Voided Visit(1)","3","15"
"encounters","enc_type","object","varchar(50)","100","9","0","100.0","Office Visit(68); MRI(7); Special Studies(7); EEG(5); Infusion(4); MDA(4); Multi-Visit(2); EMG(2); Voided Visit(1)","Office Visit(68); MRI(7); Special Studies(7); EEG(5); Infusion(4); MDA(4); Multi-Visit(2); EMG(2); Voided Visit(1)","3","15"
"encounters","enc_reason","object","text","100","1","0","100.0","(100)","(100)","0","0"
"encounters","enc_appt_id","object","decimal(18,0)","100","100","0","100.0","57567(1); 51244(1); 53421(1); 57529(1); 56770(1); 48773(1); 57614(1); 42385(1); 27323(1); 55094(1)","34785(1); 44734(1); 51666(1); 55992(1); 57434(1); 57572(1); 52605(1); 57750(1); 51228(1); 55393(1)","2","5"
"encounters","enc_department","object","varchar(30)","100","1","0","100.0","(100)","(100)","0","0"
"encounters","doc_speciality","object","varchar(60)","100","3","4","96.0","Neurology(80); Diagnostic Radiology(14); Nurse Practitioner(2)","Neurology(80); Diagnostic Radiology(14); Nurse Practitioner(2)","9","20"
"encounters","enc_facility_id","object","varchar(200)","100","3","0","100.0","1001(90); 1021(6); 1020(4)","1001(90); 1021(6); 1020(4)","4","4"
"encounters","enc_location","object","varchar(30)","100","1","0","100.0","11(100)","11(100)","2","2"
"encounters","enc_status","object","varchar(30)","100","0","100","0.0","","","",""
"encounters","enc_document_flg","object","char(2)","100","1","0","100.0","(100)","(100)","0","0"
"encounters","enc_document_id","object","varchar(50)","100","0","100","0.0","","","",""
"encounters","pregnancy_flg","object","char(1)","100","1","0","100.0","N(100)","N(100)","1","1"
"encounters","inpatient_flg","object","char(1)","100","1","0","100.0","(100)","(100)","0","0"
"encounters","provider_id","object","varchar(30)","100","16","0","100.0","1015(14); 1004(13); 1009(10); 1012(10); 1010(8); 1006(7); 1021(6); 1013(5); 1016(5); 1020(4)","1021(6); 1013(5); 1016(5); 1020(4); 1024(4); 1017(4); 1011(4); 1008(3); 1023(2); 1014(1)","4","4"
"encounters","supervising_provider_id","object","varchar(100)","100","1","0","100.0","(100)","(100)","0","0"
"encounters","primary_provider_id","object","varchar(100)","100","17","83","17.0","2175(1); 2440(1); 1127(1); 1007(1); 1072(1); 1219(1); 1726(1); 2199(1); 2372(1); 2714(1)","2199(1); 2372(1); 2714(1); 3922(1); 3728(1); 3292(1); 1144(1); 2089(1); 2865(1); 2321(1)","4","4"
"encounters","referral_flg","object","varchar(15)","100","1","0","100.0","(100)","(100)","0","0"
"encounters","referring_provider_id","object","varchar(30)","100","1","0","100.0","0(100)","0(100)","1","1"
"encounters","referring_provider_name","object","varchar(255)","100","0","100","0.0","","","",""
"encounters","referring_provider_npi","object","varchar(255)","100","0","100","0.0","","","",""
"encounters","locked","object","char(1)","100","0","100","0.0","","","",""
"encounters","provider_name","object","varchar(200)","100","0","100","0.0","","","",""
"encounters","care_team","object","varchar(200)","100","0","100","0.0","","","",""
"encounters","payer","object","varchar(100)","100","0","100","0.0","","","",""
"encounters","referral_reason","object","varchar(200)","100","0","100","0.0","","","",""
"encounters","visit_type","object","varchar(50)","100","0","100","0.0","","","",""
"encounters","rendering_provider_name","object","varchar(200)","100","1","0","100.0","(100)","(100)","0","0"
"encounters","created_datetime","object","date","100","1","0","100.0","2026-02-19(100)","2026-02-19(100)","10","10"
"encounters","created_by","object","varchar(2)","100","1","0","100.0","ND(100)","ND(100)","2","2"
"encounters","ehr_source_name","object","varchar(50)","100","1","0","100.0","Greenway(100)","Greenway(100)","8","8"
"encounters","source_path","object","varchar(50)","100","1","0","100.0","bronze_table(100)","bronze_table(100)","12","12"
"encounters","data_type","object","varchar(10)","100","1","0","100.0","Structured(100)","Structured(100)","10","10"
"encounters","psid","int64","int","100","1","0","100.0","12(100)","12(100)","",""
"encounters","nd_extracted_date","object","date","100","1","0","100.0","2026-01-31(100)","2026-01-31(100)","10","10"
"encounters","udm_inc_id","int64","bigint","100","100","0","100.0","1(1); 2(1); 3(1); 4(1); 5(1); 6(1); 7(1); 8(1); 9(1); 10(1)","91(1); 92(1); 93(1); 94(1); 95(1); 96(1); 97(1); 98(1); 99(1); 100(1)","",""
"encounters","enc_date_proxy","object","date","100","18","0","100.0","2013-07-07(9); 2013-07-04(9); 2013-07-05(9); 2013-07-02(8); 2013-04-25(7); 2013-04-28(7); 2013-07-06(7); 2013-04-23(6); 2013-04-29(6); 2013-04-27(6)","2013-04-29(6); 2013-04-27(6); 2013-06-30(5); 2013-04-24(5); 2013-04-30(4); 2013-07-01(4); 2013-06-29(3); 2013-04-22(3); 2013-06-12(1); 2013-07-03(1)","10","10"
"diagnosis","diag_id","object","varchar(100)","100","100","0","100.0","1(1); 10(1); 3(1); 2(1); 6(1); 5(1); 4(1); 8(1); 7(1); 9(1)","231(1); 234(1); 237(1); 239(1); 297752(1); 297751(1); 242(1); 245(1); 248(1); 251(1)","1","6"
"diagnosis","ndid","int64","bigint","100","9","0","100.0","100100140000003(75); 100100140000008(8); 100100140000010(5); 100100140000019(3); 100100140000011(3); 100100140000009(3); 100100140000006(1); 100100140000017(1); 100100140000005(1)","100100140000003(75); 100100140000008(8); 100100140000010(5); 100100140000019(3); 100100140000011(3); 100100140000009(3); 100100140000006(1); 100100140000017(1); 100100140000005(1)","",""
"diagnosis","eid","int64","bigint","100","90","0","100.0","1001001400000190001(3); 1001001400000080008(3); 1001001400000030082(2); 1001001400000100005(2); 1001001400000110004(2); 1001001400000080004(2); 1001001400000080005(2); 1001001400000090006(2); 1001001400000030075(1); 1001001400000060001(1)","1001001400000030064(1); 1001001400000030065(1); 1001001400000030066(1); 1001001400000030067(1); 1001001400000030068(1); 1001001400000030069(1); 1001001400000030070(1); 1001001400000030071(1); 1001001400000030072(1); 1001001400000030073(1)","",""
"diagnosis","enc_date","object","date","100","85","0","100.0","2014-03-31(6); 2014-04-02(4); 2014-03-23(4); 2014-01-22(3); 2014-01-04(2); 2014-04-23(2); 2013-11-19(1); 2013-12-29(1); 2014-04-04(1); 2014-01-23(1)","2012-02-05(1); 2012-02-06(1); 2012-03-01(1); 2012-03-02(1); 2012-03-03(1); 2012-03-04(1); 2012-03-05(1); 2012-03-06(1); 2012-03-07(1); 2012-03-08(1)","10","10"
"diagnosis","encounter_end_date","object","date","100","12","0","100.0","1900-12-01(76); 1901-02-04(7); 2014-03-31(3); 2014-04-02(3); 2014-01-22(2); 1900-11-27(2); 2014-04-23(2); 2014-01-17(1); 2014-04-04(1); 2014-04-01(1)","2014-03-31(3); 2014-04-02(3); 2014-01-22(2); 1900-11-27(2); 2014-04-23(2); 2014-01-17(1); 2014-04-04(1); 2014-04-01(1); 2014-01-23(1); 1901-02-05(1)","10","10"
"diagnosis","diag_date","object","date","100","85","0","100.0","2014-03-31(6); 2014-04-02(4); 2014-03-23(4); 2014-01-22(3); 2014-01-04(2); 2014-04-23(2); 2013-11-19(1); 2013-12-29(1); 2014-04-04(1); 2014-01-23(1)","2012-02-05(1); 2012-02-06(1); 2012-03-01(1); 2012-03-02(1); 2012-03-03(1); 2012-03-04(1); 2012-03-05(1); 2012-03-06(1); 2012-03-07(1); 2012-03-08(1)","10","10"
"diagnosis","diag_code","object","varchar(10)","100","20","0","100.0","786.2(72); 345.10(4); 780.39(4); 345.40(3); 780.33(2); 039.2(1); 345.50(1); 345.00(1); 345.90(1); 340(1)","345.01(1); 345.2(1); 345.3(1); 345.11(1); 447.72(1); 441.3(1); 765.26(1); 765.23(1); 571.1(1); 441.4(1)","3","6"
"diagnosis","diag_desc","object","longtext","100","20","0","100.0","Cough(72); Generalized convulsive epilepsy, without mention of intractable epilepsy(4); Other convulsions(4); Localization-related (focal) (partial) epilepsy and epileptic syndromes with complex partial seizures, without mention of intractable epilepsy(3); Post traumatic seizures(2); Abdominal actinomycotic infection(1); Localization-related (focal) (partial) epilepsy and epileptic syndromes with simple partial seizures, without mention of intractable epilepsy(1); Generalized nonconvulsive epilepsy, without mention of intractable epilepsy(1); Epilepsy, unspecified, without mention of intractable epilepsy(1); Multiple sclerosis(1)","Generalized nonconvulsive epilepsy, with intractable epilepsy(1); Petit mal status(1); Grand mal status(1); Generalized convulsive epilepsy, with intractable epilepsy(1); Abdominal aortic ectasia(1); Abdominal aneurysm, ruptured(1); 31-32 completed weeks of gestation(1); 25-26 completed weeks of gestation(1); Acute alcoholic hepatitis(1); Abdominal aneurysm without mention of rupture(1)","5","142"
"diagnosis","diag_coding_system","object","varchar(6)","100","1","0","100.0","ICD-9(100)","ICD-9(100)","5","5"
"diagnosis","diag_code_stripped","object","varchar(10)","100","20","0","100.0","786.2(72); 345.10(4); 780.39(4); 345.40(3); 780.33(2); 039.2(1); 345.50(1); 345.00(1); 345.90(1); 340(1)","345.01(1); 345.2(1); 345.3(1); 345.11(1); 447.72(1); 441.3(1); 765.26(1); 765.23(1); 571.1(1); 441.4(1)","3","6"
"diagnosis","primary_diagnosis_flag","object","varchar(10)","100","2","0","100.0","0(88); 1(12)","0(88); 1(12)","1","1"
"diagnosis","parent_diagnosis_code","object","varchar(60)","100","0","100","0.0","","","",""
"diagnosis","parent_diagnosis_desc","object","varchar(60)","100","0","100","0.0","","","",""
"diagnosis","icd_codeset","object","varchar(60)","100","0","100","0.0","","","",""
"diagnosis","icd_codeset_desc","object","varchar(60)","100","0","100","0.0","","","",""
"diagnosis","icd_codeset_group","object","varchar(60)","100","0","100","0.0","","","",""
"diagnosis","icd_codeset_system","object","varchar(60)","100","0","100","0.0","","","",""
"diagnosis","snomed_code","object","varchar(60)","100","0","100","0.0","","","",""
"diagnosis","diag_severity","object","varchar(60)","100","0","100","0.0","","","",""
"diagnosis","diag_status","object","varchar(60)","100","0","100","0.0","","","",""
"diagnosis","diag_end_date","object","date","100","0","100","0.0","","","",""
"diagnosis","provisional_diag_flag","object","varchar(60)","100","0","100","0.0","","","",""
"diagnosis","differential_diag_flag","object","varchar(60)","100","0","100","0.0","","","",""
"diagnosis","comments_notes","object","varchar(60)","100","0","100","0.0","","","",""
"diagnosis","diag_risk","object","varchar(60)","100","0","100","0.0","","","",""
"diagnosis","specify","object","varchar(60)","100","0","100","0.0","","","",""
"diagnosis","nd_extracted_date","object","date","100","1","0","100.0","2025-09-28(100)","2025-09-28(100)","10","10"
"diagnosis","created_datetime","object","date","100","1","0","100.0","2026-02-19(100)","2026-02-19(100)","10","10"
"diagnosis","created_by","object","varchar(50)","100","1","0","100.0","ND(100)","ND(100)","2","2"
"diagnosis","ehr_source_name","object","varchar(15)","100","1","0","100.0","eCW(100)","eCW(100)","3","3"
"diagnosis","source_path","object","varchar(12)","100","1","0","100.0","bronze_table(100)","bronze_table(100)","12","12"
"diagnosis","data_type","object","varchar(10)","100","1","0","100.0","Structured(100)","Structured(100)","10","10"
"diagnosis","psid","int64","int","100","1","0","100.0","14(100)","14(100)","",""
"diagnosis","udm_inc_id","int64","bigint","100","100","0","100.0","9730702(1); 9730703(1); 9730704(1); 9730705(1); 9730706(1); 9730707(1); 9730708(1); 9730709(1); 9730710(1); 9730711(1)","9730792(1); 9730793(1); 9730794(1); 9730795(1); 9730796(1); 9730797(1); 9730798(1); 9730799(1); 9730800(1); 9730801(1)","",""
"diagnosis","enc_date_proxy","object","date","100","85","0","100.0","2014-03-31(6); 2014-04-02(4); 2014-03-23(4); 2014-01-22(3); 2014-01-04(2); 2014-04-23(2); 2013-11-19(1); 2013-12-29(1); 2014-04-04(1); 2014-01-23(1)","2012-02-05(1); 2012-02-06(1); 2012-03-01(1); 2012-03-02(1); 2012-03-03(1); 2012-03-04(1); 2012-03-05(1); 2012-03-06(1); 2012-03-07(1); 2012-03-08(1)","10","10"
"diagnosis","icd10_desc_std","object","text","100","1","0","100.0","NS(100)","NS(100)","2","2"
"diagnosis","icd9_desc_std","object","text","100","20","0","100.0","Cough(72); Generalized convulsive epilepsy, without mention of intractable epilepsy(4); Other convulsions(4); Localization-related (focal) (partial) epilepsy and epileptic syndromes with complex partial seizures, without mention of intractable epilepsy(3); Post traumatic seizures(2); Abdominal actinomycotic infection(1); Localization-related (focal) (partial) epilepsy and epileptic syndromes with simple partial seizures, without mention of intractable epilepsy(1); Generalized nonconvulsive epilepsy, without mention of intractable epilepsy(1); Epilepsy, unspecified, without mention of intractable epilepsy(1); Multiple sclerosis(1)","Generalized nonconvulsive epilepsy, with intractable epilepsy(1); Petit mal status(1); Grand mal status(1); Generalized convulsive epilepsy, with intractable epilepsy(1); Abdominal aortic ectasia(1); Abdominal aneurysm, ruptured(1); 31-32 completed weeks of gestation(1); 25-26 completed weeks of gestation(1); Acute alcoholic hepatitis(1); Abdominal aneurysm without mention of rupture(1)","5","142"
"diagnosis","diag_coding_system_std","object","varchar(50)","100","1","0","100.0","ICD-9(100)","ICD-9(100)","5","5"
"diagnosis","primary_diagnosis_flag_std","object","varchar(10)","100","2","0","100.0","N(88); Y(12)","N(88); Y(12)","1","1"
"diagnosis","diag_desc_std","object","text","100","20","0","100.0","Cough(72); Generalized convulsive epilepsy, without mention of intractable epilepsy(4); Other convulsions(4); Localization-related (focal) (partial) epilepsy and epileptic syndromes with complex partial seizures, without mention of intractable epilepsy(3); Post traumatic seizures(2); Abdominal actinomycotic infection(1); Localization-related (focal) (partial) epilepsy and epileptic syndromes with simple partial seizures, without mention of intractable epilepsy(1); Generalized nonconvulsive epilepsy, without mention of intractable epilepsy(1); Epilepsy, unspecified, without mention of intractable epilepsy(1); Multiple sclerosis(1)","Generalized nonconvulsive epilepsy, with intractable epilepsy(1); Petit mal status(1); Grand mal status(1); Generalized convulsive epilepsy, with intractable epilepsy(1); Abdominal aortic ectasia(1); Abdominal aneurysm, ruptured(1); 31-32 completed weeks of gestation(1); 25-26 completed weeks of gestation(1); Acute alcoholic hepatitis(1); Abdominal aneurysm without mention of rupture(1)","5","142"
"allergies","allergy_id","object","decimal(18,0)","100","95","0","100.0","163588(3); 117819(2); 127496(2); 96293(2); 132845(1); 70023(1); 111894(1); 141426(1); 82167(1); 64220(1)","29782(1); 2423(1); 157398(1); 14169(1); 162391(1); 98653(1); 111421(1); 156468(1); 93773(1); 121695(1)","4","6"
"allergies","ndid","int64","bigint","100","95","0","100.0","100100100170371(3); 100100100029914(2); 100100100134624(2); 100100100092902(2); 100100100085765(1); 100100100064427(1); 100100100102803(1); 100100100110624(1); 100100100072571(1); 100100100061441(1)","100100100008653(1); 100100100030589(1); 100100100160211(1); 100100100043298(1); 100100100171522(1); 100100100095291(1); 100100100114459(1); 100100100165481(1); 100100100024239(1); 100100100129752(1)","",""
"allergies","eid","object","bigint","100","0","100","0.0","","","",""
"allergies","allergy_onset_date","object","varchar(25)","100","15","83","17.0","2011-04-28(2); 2013-08-20(2); 2020-10-22(1); 2023-03-17(1); 2009-07-19(1); 2015-03-10(1); 1997-11-24(1); 2012-01-27(1); 2015-12-31(1); 2020-06-01(1)","2015-03-10(1); 1997-11-24(1); 2012-01-27(1); 2015-12-31(1); 2020-06-01(1); 2018-12-19(1); 2018-12-14(1); 2007-10-05(1); 2015-09-11(1); 2024-04-23(1)","10","10"
"allergies","allergy_end_date","object","date","100","2","98","2.0","2017-05-09(1); 2012-06-20(1)","2017-05-09(1); 2012-06-20(1)","10","10"
"allergies","allergy_type","object","varchar(200)","100","0","100","0.0","","","",""
"allergies","allergen_name","object","longtext","100","2","98","2.0","ASPIRIN(1); PLAQUENIL(1)","ASPIRIN(1); PLAQUENIL(1)","7","9"
"allergies","allergen_code","object","varchar(25)","100","2","98","2.0","1191(1); 202462(1)","1191(1); 202462(1)","4","6"
"allergies","allergen_coding_system","object","varchar(10)","100","1","98","2.0","RXNORM(2)","RXNORM(2)","6","6"
"allergies","allergy_reaction_name","object","longtext","100","13","79","21.0","Other(4); Itching(3); Hives(2); Rash(2); Swelling(2); Dyspnea(1); Hallucinations(1); Anaphylaxis(1); Eye swelling(1); Diarrhea(1)","Rash(2); Swelling(2); Dyspnea(1); Hallucinations(1); Anaphylaxis(1); Eye swelling(1); Diarrhea(1); Irregular heart rate(1); Confusion(1); Dizziness(1)","4","20"
"allergies","allergy_reaction_code","object","text","100","13","79","21.0","74964007(4); 418290006(3); 126485001(2); 271807003(2); 65124004(2); 267036007(1); 7011001(1); 39579001(1); 45177002(1); 62315008(1)","271807003(2); 65124004(2); 267036007(1); 7011001(1); 39579001(1); 45177002(1); 62315008(1); 361138002(1); 40917007(1); 404640003(1)","7","9"
"allergies","allergy_reaction_coding_system","object","varchar(100)","100","1","79","21.0","SNOMED(21)","SNOMED(21)","6","6"
"allergies","allergy_severity","object","varchar(30)","100","2","94","6.0","Severe(5); Mild to moderate(1)","Severe(5); Mild to moderate(1)","6","16"
"allergies","allergy_route","object","varchar(50)","100","0","100","0.0","","","",""
"allergies","allergy_status","object","varchar(50)","100","0","100","0.0","","","",""
"allergies","created_datetime","datetime64[ns]","datetime","100","1","0","100.0","2026-02-18 06:10:08(100)","2026-02-18 06:10:08(100)","",""
"allergies","created_by","object","varchar(2)","100","1","0","100.0","ND(100)","ND(100)","2","2"
"allergies","updated_datetime","datetime64[ns]","datetime","100","1","0","100.0","2026-02-18 06:10:08(100)","2026-02-18 06:10:08(100)","",""
"allergies","updated_by","object","varchar(100)","100","1","0","100.0","ND(100)","ND(100)","2","2"
"allergies","ehr_source_name","object","varchar(100)","100","1","0","100.0","athenaone(100)","athenaone(100)","9","9"
"allergies","source_path","object","varchar(12)","100","1","0","100.0","bronze_layer(100)","bronze_layer(100)","12","12"
"allergies","data_type","object","varchar(10)","100","1","0","100.0","Structured(100)","Structured(100)","10","10"
"allergies","psid","object","varchar(4)","100","1","0","100.0","10(100)","10(100)","2","2"
"allergies","nd_extracted_date","object","date","100","1","0","100.0","2025-06-01(100)","2025-06-01(100)","10","10"
"allergies","udm_inc_id","int64","bigint","100","100","0","100.0","1(1); 2(1); 3(1); 4(1); 5(1); 6(1); 7(1); 8(1); 9(1); 10(1)","91(1); 92(1); 93(1); 94(1); 95(1); 96(1); 97(1); 98(1); 99(1); 100(1)","",""
"allergies","enc_date_proxy","object","date","100","15","83","17.0","2011-04-28(2); 2013-08-20(2); 2020-10-22(1); 2023-03-17(1); 2009-07-19(1); 2015-03-10(1); 1997-11-24(1); 2012-01-27(1); 2015-12-31(1); 2020-06-01(1)","2015-03-10(1); 1997-11-24(1); 2012-01-27(1); 2015-12-31(1); 2020-06-01(1); 2018-12-19(1); 2018-12-14(1); 2007-10-05(1); 2015-09-11(1); 2024-04-23(1)","10","10"
"labs","result_id","int64","bigint","100","100","0","100.0","1784(1); 1783(1); 1782(1); 1781(1); 1780(1); 1779(1); 1778(1); 1777(1); 1776(1); 1775(1)","60092(1); 60091(1); 60090(1); 60089(1); 60088(1); 60087(1); 60086(1); 60085(1); 60084(1); 60083(1)","",""
"labs","ndid","int64","bigint","100","2","0","100.0","100100110237154(71); 100100110007668(29)","100100110237154(71); 100100110007668(29)","",""
"labs","eid","object","bigint","100","0","100","0.0","","","",""
"labs","enc_date","object","date","100","0","100","0.0","","","",""
"labs","lab_order_date","object","date","100","0","100","0.0","","","",""
"labs","sample_collection_date","object","date","100","2","0","100.0","2013-08-27(71); 2013-09-02(29)","2013-08-27(71); 2013-09-02(29)","10","10"
"labs","result_date","object","date","100","0","100","0.0","","","",""
"labs","result_name","object","text","100","0","100","0.0","","","",""
"labs","result_parameter","object","text","100","0","100","0.0","","","",""
"labs","result_code","object","text","100","0","100","0.0","","","",""
"labs","result_coding_system","object","varchar(5)","100","0","100","0.0","","","",""
"labs","result_value","object","longtext","100","1","0","100.0","(100)","(100)","0","0"
"labs","result_unit","object","longtext","100","1","0","100.0","(100)","(100)","0","0"
"labs","result_range","object","longtext","100","1","0","100.0","(100)","(100)","0","0"
"labs","result_value_type","object","char(0)","100","1","0","100.0","(100)","(100)","0","0"
"labs","ordering_provider_name","object","varchar(100)","100","1","0","100.0","(100)","(100)","0","0"
"labs","order_id","object","char(0)","100","1","0","100.0","(100)","(100)","0","0"
"labs","test_performing_lab_id","object","longtext","100","2","0","100.0","1010(71); 1625(29)","1010(71); 1625(29)","4","4"
"labs","test_performing_lab_name","object","varchar(100)","100","1","0","100.0","(100)","(100)","0","0"
"labs","normalcy_flag","object","varchar(100)","100","1","0","100.0","(100)","(100)","0","0"
"labs","result_status","object","longtext","100","1","0","100.0","0(100)","0(100)","1","1"
"labs","report_id","object","varchar(50)","100","1","0","100.0","(100)","(100)","0","0"
"labs","report_status","object","longtext","100","1","0","100.0","Final Results(100)","Final Results(100)","13","13"
"labs","report_description","object","longtext","100","1","0","100.0","(100)","(100)","0","0"
"labs","specimen_source","object","longtext","100","1","0","100.0","(100)","(100)","0","0"
"labs","specimen_number","object","char(0)","100","1","0","100.0","(100)","(100)","0","0"
"labs","internal_note","object","longtext","100","1","0","100.0","(100)","(100)","0","0"
"labs","note_to_patient","object","longtext","100","1","0","100.0","(100)","(100)","0","0"
"labs","facility","object","varchar(20)","100","1","0","100.0","(100)","(100)","0","0"
"labs","interpretation","object","varchar(20)","100","1","0","100.0","(100)","(100)","0","0"
"labs","received","object","varchar(100)","100","1","0","100.0","(100)","(100)","0","0"
"labs","highpriority","object","varchar(20)","100","1","0","100.0","(100)","(100)","0","0"
"labs","cancelled","object","varchar(10)","100","1","0","100.0","(100)","(100)","0","0"
"labs","futureorder","object","varchar(10)","100","1","0","100.0","(100)","(100)","0","0"
"labs","inhouse","object","varchar(10)","100","1","0","100.0","(100)","(100)","0","0"
"labs","ordered_fasting","object","varchar(10)","100","1","0","100.0","(100)","(100)","0","0"
"labs","do_not_publish_to_patient","object","varchar(10)","100","1","0","100.0","(100)","(100)","0","0"
"labs","interfacestatus","object","char(0)","100","1","0","100.0","(100)","(100)","0","0"
"labs","created_datetime","object","date","100","1","0","100.0","2026-02-23(100)","2026-02-23(100)","10","10"
"labs","created_by","object","varchar(2)","100","1","0","100.0","ND(100)","ND(100)","2","2"
"labs","ehr_source_name","object","varchar(9)","100","1","0","100.0","Greenway(100)","Greenway(100)","8","8"
"labs","source_path","object","varchar(12)","100","1","0","100.0","bronze_table(100)","bronze_table(100)","12","12"
"labs","data_type","object","varchar(10)","100","1","0","100.0","Structured(100)","Structured(100)","10","10"
"labs","psid","int64","int","100","1","0","100.0","11(100)","11(100)","",""
"labs","nd_extracted_date","object","date","100","1","0","100.0","2025-09-28(100)","2025-09-28(100)","10","10"
"labs","Result_Document_ID","float64","double","100","2","0","100.0","9499.0(71); 10242.0(29)","9499.0(71); 10242.0(29)","",""
"labs","Report_date","object","datetime","100","0","100","0.0","","","",""
"labs","udm_inc_id","int64","bigint","100","100","0","100.0","1(1); 2(1); 3(1); 4(1); 5(1); 6(1); 7(1); 8(1); 9(1); 10(1)","91(1); 92(1); 93(1); 94(1); 95(1); 96(1); 97(1); 98(1); 99(1); 100(1)","",""
"labs","enc_date_proxy","object","date","100","2","0","100.0","2013-08-27(71); 2013-09-02(29)","2013-08-27(71); 2013-09-02(29)","10","10"
"radiology","result_id","object","varchar(30)","100","100","0","100.0","397557(1); 419566(1); 419567(1); 419568(1); 419659(1); 419929(1); 419952(1); 420091(1); 420094(1); 421474(1)","458057(1); 458139(1); 458449(1); 458450(1); 458462(1); 458463(1); 458464(1); 458759(1); 459730(1); 460139(1)","6","6"
"radiology","ndid","int64","bigint","100","74","0","100.0","100100130059662(5); 100100130134084(3); 100100130216167(3); 100100130108851(3); 100100130051795(3); 100100130066500(3); 100100130133998(3); 100100130035755(2); 100100130106885(2); 100100130023045(2)","100100130048262(1); 100100130025926(1); 100100130108284(1); 100100130007676(1); 100100130167857(1); 100100130020345(1); 100100130041507(1); 100100130160421(1); 100100130004096(1); 100100130052542(1)","",""
"radiology","eid","int64","bigint","100","81","0","100.0","1001001301340840009(3); 1001001302161670009(3); 1001001300596620019(3); 1001001300665000010(3); 1001001301339980052(3); 1001001300596620017(2); 1001001300357550041(2); 1001001300230450012(2); 1001001301123250008(2); 1001001302052840008(2)","1001001300259260006(1); 1001001301125390034(1); 1001001301082840017(1); 1001001300076760049(1); 1001001301678570013(1); 1001001300203450018(1); 1001001300415070027(1); 1001001301604210033(1); 1001001300040960062(1); 1001001300525420012(1)","",""
"radiology","enc_date","datetime64[ns]","datetime","100","63","0","100.0","2009-08-14 00:00:00(5); 2009-06-14 00:00:00(3); 2009-08-20 00:00:00(3); 2009-10-10 00:00:00(3); 2009-07-31 00:00:00(3); 2009-08-09 00:00:00(3); 2009-10-13 00:00:00(3); 2009-10-12 00:00:00(3); 2009-06-09 00:00:00(2); 2009-06-10 00:00:00(2)","2009-07-24 00:00:00(1); 2009-07-28 00:00:00(1); 2009-09-28 00:00:00(1); 2009-10-06 00:00:00(1); 2009-07-30 00:00:00(1); 2009-08-03 00:00:00(1); 2009-10-09 00:00:00(1); 2009-08-02 00:00:00(1); 2009-10-14 00:00:00(1); 2009-10-08 00:00:00(1)","",""
"radiology","img_date","object","varchar(100)","100","61","0","100.0","2009-08-14 00:00:00(6); 2009-06-14 00:00:00(3); 2009-08-20 00:00:00(3); 2009-07-21 00:00:00(3); 2009-10-02 00:00:00(3); 2009-10-10 00:00:00(3); 2009-07-31 00:00:00(3); 2009-08-09 00:00:00(3); 2009-10-13 00:00:00(3); 2009-10-12 00:00:00(3)","2009-09-26 00:00:00(1); 2009-07-24 00:00:00(1); 2009-07-28 00:00:00(1); 2009-09-28 00:00:00(1); 2009-10-06 00:00:00(1); 2009-08-03 00:00:00(1); 2009-10-09 00:00:00(1); 2009-08-02 00:00:00(1); 2009-10-14 00:00:00(1); 2009-10-08 00:00:00(1)","19","19"
"radiology","study_name","object","varchar(255)","100","37","0","100.0","MAM MAM DIGITAL SCREENING with CAD(30); CXRA2(9); 3DWO(8); RAD SPINE LUMBAR AP/LAT 2-3 VIEWS(5); CT ABDOMEN W / WO CONTRAST(4); RAD HIP RIGHT MIN 2VI INCL PELVIS(4); MAM MAM DIGITAL RIGHT(3); CT CHEST WITH CONTRAST(3); NM NM MYOCARDIAL PREF W/EF-PARENT(2); US BREAST(2)","CT CHEST WITHOUT CONTRAST(1); RAD SPINE LUMBAR WITH OBLIQUES(1); CT LUMBAR SPINE WO CONTRAST(1); MRI ANKLE WO CONTRAST (73721)(1); RAD HIP LEFT MIN 2V INCL PELVIS(1); CT ABDOMEN WITH CONTRAST(1); RAD HIP BILAT MIN 2V INCL PELVIS(1); MAM MAM DIGITAL LEFT(1); MAM LEFT MAM DIG DIAG with CAD(1); MRI BRAIN W/O CONTRAST (70551)(1)","4","36"
"radiology","modality","object","varchar(60)","100","0","100","0.0","","","",""
"radiology","img_status","object","varchar(30)","100","1","0","100.0","1(100)","1(100)","1","1"
"radiology","img_report_text","object","longtext","100","1","0","100.0","(100)","(100)","0","0"
"radiology","img_finding","object","longtext","100","6","0","100.0","(35); Normal(31); Abnormal(18); Negative(12); Abnormal Knee xray(2); Stable(2)","(35); Normal(31); Abnormal(18); Negative(12); Abnormal Knee xray(2); Stable(2)","0","18"
"radiology","report_id","object","varchar(30)","100","100","0","100.0","397557(1); 419566(1); 419567(1); 419568(1); 419659(1); 419929(1); 419952(1); 420091(1); 420094(1); 421474(1)","458057(1); 458139(1); 458449(1); 458450(1); 458462(1); 458463(1); 458464(1); 458759(1); 459730(1); 460139(1)","6","6"
"radiology","report_date","object","varchar(100)","100","64","0","100.0","2009-09-01 00:00:00(4); 2009-06-14 00:00:00(3); 2009-09-05 00:00:00(3); 2009-07-21 00:00:00(3); 2009-10-10 00:00:00(3); 2009-07-31 00:00:00(3); 2009-08-09 00:00:00(3); 2009-10-12 00:00:00(3); 2009-08-16 00:00:00(2); 2009-08-15 00:00:00(2)","2009-07-22 00:00:00(1); 2009-07-24 00:00:00(1); 2009-10-06 00:00:00(1); 2009-08-14 00:00:00(1); 2009-08-04 00:00:00(1); 2009-10-09 00:00:00(1); 2009-10-13 00:00:00(1); 2009-08-02 00:00:00(1); 2009-10-15 00:00:00(1); 2009-10-11 00:00:00(1)","19","19"
"radiology","report_status","object","varchar(15)","100","1","0","100.0","(100)","(100)","0","0"
"radiology","img_reason","object","longtext","100","3","0","100.0","Received -St Es(88); Reconciled - St Es(11); abd pain rlq. normal wbc, no fever, ?hurnia obese(1)","Received -St Es(88); Reconciled - St Es(11); abd pain rlq. normal wbc, no fever, ?hurnia obese(1)","15","49"
"radiology","order_date","object","date","100","0","100","0.0","","","",""
"radiology","order_status","object","varchar(30)","100","1","0","100.0","1(100)","1(100)","1","1"
"radiology","order_prescription","object","varchar(60)","100","0","100","0.0","","","",""
"radiology","provider_id","object","varchar(20)","100","1","0","100.0","0(100)","0(100)","1","1"
"radiology","provider_name","object","varchar(130)","100","1","0","100.0","(100)","(100)","0","0"
"radiology","provider_npi","object","varchar(30)","100","0","100","0.0","","","",""
"radiology","internal_notes","object","text","100","0","100","0.0","","","",""
"radiology","note_to_patient","object","text","100","0","100","0.0","","","",""
"radiology","facility","object","varchar(60)","100","0","100","0.0","","","",""
"radiology","interpretation","object","varchar(60)","100","0","100","0.0","","","",""
"radiology","result","object","varchar(60)","100","0","100","0.0","","","",""
"radiology","report_text","object","varchar(60)","100","0","100","0.0","","","",""
"radiology","created_datetime","object","date","100","1","0","100.0","2026-02-22(100)","2026-02-22(100)","10","10"
"radiology","created_by","object","varchar(20)","100","1","0","100.0","ND(100)","ND(100)","2","2"
"radiology","ehr_source_name","object","varchar(10)","100","1","0","100.0","eCW(100)","eCW(100)","3","3"
"radiology","source_path","object","varchar(12)","100","1","0","100.0","bronze_table(100)","bronze_table(100)","12","12"
"radiology","data_type","object","varchar(10)","100","1","0","100.0","Structured(100)","Structured(100)","10","10"
"radiology","psid","int64","int","100","1","0","100.0","13(100)","13(100)","",""
"radiology","nd_extracted_date","object","date","100","1","0","100.0","2025-12-23(100)","2025-12-23(100)","10","10"
"radiology","udm_inc_id","int64","bigint","100","100","0","100.0","97541(1); 97542(1); 97543(1); 97544(1); 97545(1); 97546(1); 97547(1); 97548(1); 97549(1); 97550(1)","97631(1); 97632(1); 97633(1); 97634(1); 97635(1); 97636(1); 97637(1); 97638(1); 97639(1); 97640(1)","",""
"radiology","enc_date_proxy","object","date","100","63","0","100.0","2009-08-14(5); 2009-06-14(3); 2009-08-20(3); 2009-10-10(3); 2009-07-31(3); 2009-08-09(3); 2009-10-13(3); 2009-10-12(3); 2009-06-09(2); 2009-06-10(2)","2009-07-24(1); 2009-07-28(1); 2009-09-28(1); 2009-10-06(1); 2009-07-30(1); 2009-08-03(1); 2009-10-09(1); 2009-08-02(1); 2009-10-14(1); 2009-10-08(1)","10","10"
"radiology","extracted_codes","object","text","100","4","96","4.0","72125(1); 70450(1); 73721(1); 70551(1)","72125(1); 70450(1); 73721(1); 70551(1)","5","5"
"radiology","proc_code_std","object","text","100","4","96","4.0","72125(1); 70450(1); 73721(1); 70551(1)","72125(1); 70450(1); 73721(1); 70551(1)","5","5"
"radiology","modality_std","object","varchar(200)","100","7","18","82.0","Mammography(37); Radiographic Imaging (RG) / Interventional Radiology(18); Computed Tomography(17); Ultrasound(4); Nuclear Medicine(2); Radio Fluoroscopy(2); Magnetic Resonance(2)","Mammography(37); Radiographic Imaging (RG) / Interventional Radiology(18); Computed Tomography(17); Ultrasound(4); Nuclear Medicine(2); Radio Fluoroscopy(2); Magnetic Resonance(2)","10","52"
"radiology","strength_views_std","object","varchar(200)","100","4","90","10.0","2-3 Views(5); 2 Views(3); >3 Views(1); 3 Views(1)","2-3 Views(5); 2 Views(3); >3 Views(1); 3 Views(1)","7","9"
"radiology","contrast_type_std","object","varchar(50)","100","2","80","20.0","Without Contrast(14); With Contrast(6)","Without Contrast(14); With Contrast(6)","13","16"
"radiology","body_part_std","object","varchar(200)","100","12","60","40.0","Lumbar Spine(7); Abdomen(7); Hip(6); Chest(6); Breast(3); Pelvis(3); Ankle(2); Cervical Spine(2); Forearm(1); Head(1)","Hip(6); Chest(6); Breast(3); Pelvis(3); Ankle(2); Cervical Spine(2); Forearm(1); Head(1); Knee(1); Brain(1)","3","14"
"radiology","laterality_std","object","varchar(20)","100","2","89","11.0","Right(8); Left(3)","Right(8); Left(3)","4","5"
"radiology","tracer_name_std","object","varchar(200)","100","0","100","0.0","","","",""
"radiology","probable_cpt_code","object","text","100","6","86","14.0","74150,74176,74178(5); 72192,74176(3); 72129(3); 72128(1); 72131(1); 74160,74177(1)","74150,74176,74178(5); 72192,74176(3); 72129(3); 72128(1); 72131(1); 74160,74177(1)","5","17"
"radiology","probable_cpt_match_count","float64","int","100","3","86","14.0","3.0(5); 1.0(5); 2.0(4)","3.0(5); 1.0(5); 2.0(4)","",""
"radiology","matched_descriptions","object","text","100","6","86","14.0","CT ABD & PELVIS W/O CONTRAST | CT ABD&PLV WO CNTR FLWD CNTR | CT ABDOMEN W/O CONTRAST(5); CT ABD & PELVIS W/O CONTRAST | CT PELVIS W/O DYE(3); CT CHEST SPINE W/DYE(3); CT CHEST SPINE W/O DYE(1); CT LUMBAR SPINE W/O DYE(1); CT ABD & PELVIS W/CONTRAST | CT ABDOMEN W/CONTRAST(1)","CT ABD & PELVIS W/O CONTRAST | CT ABD&PLV WO CNTR FLWD CNTR | CT ABDOMEN W/O CONTRAST(5); CT ABD & PELVIS W/O CONTRAST | CT PELVIS W/O DYE(3); CT CHEST SPINE W/DYE(3); CT CHEST SPINE W/O DYE(1); CT LUMBAR SPINE W/O DYE(1); CT ABD & PELVIS W/CONTRAST | CT ABDOMEN W/CONTRAST(1)","20","85"
"procedures","proc_id","object","varchar(40)","100","1","0","100.0","(100)","(100)","0","0"
"procedures","ndid","int64","bigint","100","80","0","100.0","100100140155595(4); 100100140000003(3); 100100140148872(3); 100100140158970(3); 100100140000019(2); 100100140000010(2); 100100140156485(2); 100100140156668(2); 100100140091592(2); 100100140154045(2)","100100140150028(1); 100100140119111(1); 100100140156391(1); 100100140000009(1); 100100140137379(1); 100100140018834(1); 100100140147349(1); 100100140103684(1); 100100140111612(1); 100100140008700(1)","",""
"procedures","eid","int64","bigint","100","83","0","100.0","1001001401488720008(3); 1001001401589700001(3); 1001001400000190001(2); 1001001400000100005(2); 1001001401555950007(2); 1001001401564850003(2); 1001001401566680004(2); 1001001400915920015(2); 1001001401540450006(2); 1001001401500310004(2)","1001001401500280005(1); 1001001401191110020(1); 1001001401563910004(1); 1001001400000090018(1); 1001001401373790009(1); 1001001400188340002(1); 1001001401473490015(1); 1001001401036840056(1); 1001001401116120024(1); 1001001400087000022(1)","",""
"procedures","encounter_date","object","date","100","28","0","100.0","2014-02-25(9); 2014-05-03(9); 2014-05-07(9); 2014-05-01(8); 2014-03-01(7); 2014-02-24(5); 2014-04-30(5); 2014-02-22(4); 2014-05-06(4); 2014-05-04(4)","2013-11-19(1); 2014-01-04(1); 2013-12-29(1); 2014-01-18(1); 2014-01-27(1); 2014-04-17(1); 2014-02-20(1); 2014-04-29(1); 2014-05-08(1); 2014-02-23(1)","10","10"
"procedures","proc_start_date","object","date","100","10","0","100.0","2014-04-30(77); 2014-04-28(13); 2014-03-27(2); 2014-03-28(2); 2014-01-19(1); 2014-03-06(1); 2014-02-28(1); 2014-03-20(1); 2014-03-29(1); 2014-04-12(1)","2014-04-30(77); 2014-04-28(13); 2014-03-27(2); 2014-03-28(2); 2014-01-19(1); 2014-03-06(1); 2014-02-28(1); 2014-03-20(1); 2014-03-29(1); 2014-04-12(1)","10","10"
"procedures","proc_last_date","object","date","100","10","0","100.0","2014-04-30(77); 2014-04-28(13); 2014-03-27(2); 2014-03-28(2); 2014-01-19(1); 2014-03-06(1); 2014-02-28(1); 2014-03-20(1); 2014-03-29(1); 2014-04-12(1)","2014-04-30(77); 2014-04-28(13); 2014-03-27(2); 2014-03-28(2); 2014-01-19(1); 2014-03-06(1); 2014-02-28(1); 2014-03-20(1); 2014-03-29(1); 2014-04-12(1)","10","10"
"procedures","proc_category","object","varchar(100)","100","1","0","100.0","(100)","(100)","0","0"
"procedures","proc_code","object","varchar(20)","100","31","0","100.0","99214(19); 99213(12); 70551(7); 99215(7); 99244(6); 95819(6); 95886(5); 70553(3); 95816(3); 99203(3)","93000(1); 72146(1); 70544(1); 95930(1); 95911(1); 95912(1); 95913(1); 95861(1); 95860(1); 62270(1)","2","5"
"procedures","proc_name","object","varchar(255)","100","31","0","100.0","OFFICE/OUTPATIENT ESTABLISHED MOD MDM 30 MIN(19); OFFICE/OUTPATIENT ESTABLISHED LOW MDM 20 MIN(12); MRI BRAIN BRAIN STEM W/O CONTRAST MATERIAL(7); OFFICE/OUTPATIENT ESTABLISHED HIGH MDM 40 MIN(7); OFFICE/OP CONSLTJ NEW/EST PT MOD MDM 40 MINUTES(6); ELECTROENCEPHALOGRAM W/REC AWAKE&ASLEEP(6); NEEDLE EMG EA EXTREMTY W/PARASPINL AREA COMPLETE(5); MRI BRAIN BRAIN STEM W/O W/CONTRAST MATERIAL(3); ELECTROENCEPHALOGRAM W/REC AWAKE&DROWSY(3); OFFICE/OUTPATIENT NEW LOW MDM 30 MINUTES(3)","ECG ROUTINE ECG W/LEAST 12 LDS W/I&R(1); MRI SPINAL CANAL THORACIC W/O CONTRAST MATRL(1); MRA HEAD W/O CONTRST MATERIAL(1); VISUAL EP TESTING CNS EXCEPT GLAUCOMA W/I&R(1); NERVE CONDUCTION STUDIES 9-10 STUDIES(1); NERVE CONDUCTION STUDIES 11-12 STUDIES(1); NERVE CONDUCTION STUDIES 13/> STUDIES(1); NDL EMG 2 XTR W/WO RELATED PARASPINAL AREAS(1); NDL EMG 1 XTR W/WO RELATED PARASPINAL AREAS(1); DIAGNOSTIC LUMBAR SPINAL PUNCTURE(1)","22","48"
"procedures","proc_coding_system","object","varchar(30)","100","2","0","100.0","CPT(99); CPTCodes(1)","CPT(99); CPTCodes(1)","3","8"
"procedures","proc_units","object","varchar(60)","100","0","100","0.0","","","",""
"procedures","proc_description","object","varchar(255)","100","0","100","0.0","","","",""
"procedures","proc_notes","object","varchar(60)","100","0","100","0.0","","","",""
"procedures","anesthesia_flag","object","varchar(60)","100","0","100","0.0","","","",""
"procedures","anesthesia_detail_id","object","varchar(60)","100","0","100","0.0","","","",""
"procedures","ordering_provider_id","object","varchar(60)","100","0","100","0.0","","","",""
"procedures","ordering_provider_name","object","varchar(60)","100","0","100","0.0","","","",""
"procedures","ordering_provider_npi","object","varchar(60)","100","0","100","0.0","","","",""
"procedures","rendering_provider_id","object","varchar(60)","100","0","100","0.0","","","",""
"procedures","rendering_provider_name","object","varchar(60)","100","0","100","0.0","","","",""
"procedures","rendering_provider_npi","object","varchar(60)","100","0","100","0.0","","","",""
"procedures","referring_provider_id","object","varchar(100)","100","1","0","100.0","(100)","(100)","0","0"
"procedures","referring_provider_name","object","varchar(60)","100","0","100","0.0","","","",""
"procedures","referring_provider_npi","object","varchar(60)","100","0","100","0.0","","","",""
"procedures","place_of_service_Id","object","varchar(60)","100","0","100","0.0","","","",""
"procedures","place_of_service_desc","object","varchar(100)","100","1","0","100.0","(100)","(100)","0","0"
"procedures","order_date","object","varchar(20)","100","0","100","0.0","","","",""
"procedures","Diagnosis_Indication","object","varchar(20)","100","1","0","100.0","(100)","(100)","0","0"
"procedures","nd_extracted_date","object","date","100","1","0","100.0","2026-01-06(100)","2026-01-06(100)","10","10"
"procedures","created_datetime","object","date","100","1","0","100.0","2026-02-22(100)","2026-02-22(100)","10","10"
"procedures","created_by","object","varchar(10)","100","1","0","100.0","ND(100)","ND(100)","2","2"
"procedures","ehr_source_name","object","varchar(20)","100","1","0","100.0","eCW(100)","eCW(100)","3","3"
"procedures","source_path","object","varchar(12)","100","1","0","100.0","bronze_layer(100)","bronze_layer(100)","12","12"
"procedures","data_type","object","varchar(10)","100","1","0","100.0","Structured(100)","Structured(100)","10","10"
"procedures","psid","int64","int","100","1","0","100.0","14(100)","14(100)","",""
"procedures","incremental_id","object","bigint unsigned","100","0","100","0.0","","","",""
"procedures","udm_inc_id","int64","bigint","100","100","0","100.0","14984773(1); 14984774(1); 14984775(1); 14984776(1); 14984777(1); 14984778(1); 14984779(1); 14984780(1); 14984781(1); 14984782(1)","14984863(1); 14984864(1); 14984865(1); 14984866(1); 14984867(1); 14984868(1); 14984869(1); 14984870(1); 14984871(1); 14984872(1)","",""
"procedures","proc_code_std","object","varchar(500)","100","31","0","100.0","99214(19); 99213(12); 70551(7); 99215(7); 99244(6); 95819(6); 95886(5); 70553(3); 95816(3); 99203(3)","93000(1); 72146(1); 70544(1); 95930(1); 95911(1); 95912(1); 95913(1); 95861(1); 95860(1); 62270(1)","2","5"
"procedures","proc_coding_system_std","object","varchar(500)","100","2","0","100.0","CPT(99); NS(1)","CPT(99); NS(1)","2","3"
"procedures","enc_date_proxy","object","date","100","28","0","100.0","2014-02-25(9); 2014-05-03(9); 2014-05-07(9); 2014-05-01(8); 2014-03-01(7); 2014-02-24(5); 2014-04-30(5); 2014-02-22(4); 2014-05-06(4); 2014-05-04(4)","2013-11-19(1); 2014-01-04(1); 2013-12-29(1); 2014-01-18(1); 2014-01-27(1); 2014-04-17(1); 2014-02-20(1); 2014-04-29(1); 2014-05-08(1); 2014-02-23(1)","10","10"
"procedures","proc_modifier_std","object","varchar(100)","100","0","100","0.0","","","",""
"procedures","proc_name_std","object","longtext","100","31","0","100.0","OFFICE O/P EST MOD 30 MIN(19); OFFICE O/P EST LOW 20 MIN(12); MRI BRAIN STEM W/O DYE(7); OFFICE O/P EST HI 40 MIN(7); OFF/OP CNSLTJ NEW/EST MOD 40(6); EEG AWAKE AND ASLEEP(6); MUSC TEST DONE W/N TEST COMP(5); MRI BRAIN STEM W/O & W/DYE(3); EEG AWAKE AND DROWSY(3); OFFICE O/P NEW LOW 30 MIN(3)","ELECTROCARDIOGRAM COMPLETE(1); MRI CHEST SPINE W/O DYE(1); MR ANGIOGRAPHY HEAD W/O DYE(1); VISUAL EP TEST CNS W/I&R(1); NRV CNDJ TEST 9-10 STUDIES(1); NRV CNDJ TEST 11-12 STUDIES(1); NRV CNDJ TEST 13/> STUDIES(1); NEEDLE EMG 2 EXTREMITIES(1); NEEDLE EMG 1 EXTREMITY(1); DX LMBR SPI PNXR(1)","2","28"
"procedures","proc_description_std","object","longtext","100","31","0","100.0","OFFICE OR OTHER OUTPATIENT VISIT FOR THE EVALUATION AND MANAGEMENT OF AN ESTABLISHED PATIENT, WHICH REQUIRES A MEDICALLY APPROPRIATE HISTORY AND/OR EXAMINATION AND MODERATE LEVEL OF MEDICAL DECISION MAKING. WHEN USING TOTAL TIME ON THE DATE OF THE ENCOUNTER FOR CODE SELECTION, 30 MINUTES MUST BE MET OR EXCEEDED.(19); OFFICE OR OTHER OUTPATIENT VISIT FOR THE EVALUATION AND MANAGEMENT OF AN ESTABLISHED PATIENT, WHICH REQUIRES A MEDICALLY APPROPRIATE HISTORY AND/OR EXAMINATION AND LOW LEVEL OF MEDICAL DECISION MAKING. WHEN USING TOTAL TIME ON THE DATE OF THE ENCOUNTER FOR CODE SELECTION, 20 MINUTES MUST BE MET OR EXCEEDED.(12); MAGNETIC RESONANCE (EG, PROTON) IMAGING, BRAIN (INCLUDING BRAIN STEM); WITHOUT CONTRAST MATERIAL(7); OFFICE OR OTHER OUTPATIENT VISIT FOR THE EVALUATION AND MANAGEMENT OF AN ESTABLISHED PATIENT, WHICH REQUIRES A MEDICALLY APPROPRIATE HISTORY AND/OR EXAMINATION AND HIGH LEVEL OF MEDICAL DECISION MAKING. WHEN USING TOTAL TIME ON THE DATE OF THE ENCOUNTER FOR CODE SELECTION, 40 MINUTES MUST BE MET OR EXCEEDED.(7); OFFICE OR OTHER OUTPATIENT CONSULTATION FOR A NEW OR ESTABLISHED PATIENT, WHICH REQUIRES A MEDICALLY APPROPRIATE HISTORY AND/OR EXAMINATION AND MODERATE LEVEL OF MEDICAL DECISION MAKING. WHEN USING TOTAL TIME ON THE DATE OF THE ENCOUNTER FOR CODE SELECTION, 40 MINUTES MUST BE MET OR EXCEEDED.(6); ELECTROENCEPHALOGRAM (EEG); INCLUDING RECORDING AWAKE AND ASLEEP(6); NEEDLE ELECTROMYOGRAPHY, EACH EXTREMITY, WITH RELATED PARASPINAL AREAS, WHEN PERFORMED, DONE WITH NERVE CONDUCTION, AMPLITUDE AND LATENCY/VELOCITY STUDY; COMPLETE, FIVE OR MORE MUSCLES STUDIED, INNERVATED BY THREE OR MORE NERVES OR FOUR OR MORE SPINAL LEVELS (LIST SEPARATELY IN ADDITION TO CODE FOR PRIMARY PROCEDURE)(5); MAGNETIC RESONANCE (EG, PROTON) IMAGING, BRAIN (INCLUDING BRAIN STEM); WITHOUT CONTRAST MATERIAL, FOLLOWED BY CONTRAST MATERIAL(S) AND FURTHER SEQUENCES(3); ELECTROENCEPHALOGRAM (EEG); INCLUDING RECORDING AWAKE AND DROWSY(3); OFFICE OR OTHER OUTPATIENT VISIT FOR THE EVALUATION AND MANAGEMENT OF A NEW PATIENT, WHICH REQUIRES A MEDICALLY APPROPRIATE HISTORY AND/OR EXAMINATION AND LOW LEVEL OF MEDICAL DECISION MAKING. WHEN USING TOTAL TIME ON THE DATE OF THE ENCOUNTER FOR CODE SELECTION, 30 MINUTES MUST BE MET OR EXCEEDED.(3)","ELECTROCARDIOGRAM, ROUTINE ECG WITH AT LEAST 12 LEADS; WITH INTERPRETATION AND REPORT(1); MAGNETIC RESONANCE (EG, PROTON) IMAGING, SPINAL CANAL AND CONTENTS, THORACIC; WITHOUT CONTRAST MATERIAL(1); MAGNETIC RESONANCE ANGIOGRAPHY, HEAD; WITHOUT CONTRAST MATERIAL(S)(1); VISUAL EVOKED POTENTIAL (VEP) CHECKERBOARD OR FLASH TESTING, CENTRAL NERVOUS SYSTEM EXCEPT GLAUCOMA, WITH INTERPRETATION AND REPORT(1); NERVE CONDUCTION STUDIES; 9-10 STUDIES(1); NERVE CONDUCTION STUDIES; 11-12 STUDIES(1); NERVE CONDUCTION STUDIES; 13 OR MORE STUDIES(1); NEEDLE ELECTROMYOGRAPHY; 2 EXTREMITIES WITH OR WITHOUT RELATED PARASPINAL AREAS(1); NEEDLE ELECTROMYOGRAPHY; 1 EXTREMITY WITH OR WITHOUT RELATED PARASPINAL AREAS(1); SPINAL PUNCTURE, LUMBAR, DIAGNOSTIC(1)","2","500"
"ros","ndid","int64","bigint","100","77","0","100.0","100100100041295(3); 100100100170127(3); 100100100140803(3); 100100100082164(2); 100100100023335(2); 100100100008494(2); 100100100173398(2); 100100100151057(2); 100100100170729(2); 100100100155031(2)","100100100117148(1); 100100100153871(1); 100100100137950(1); 100100100143944(1); 100100100124277(1); 100100100174137(1); 100100100173240(1); 100100100055902(1); 100100100171726(1); 100100100154094(1)","",""
"ros","eid","int64","bigint","100","77","0","100.0","1001001000412950064(3); 1001001001701270004(3); 1001001001408030014(3); 1001001000821640006(2); 1001001000233350029(2); 1001001000084940070(2); 1001001001733980002(2); 1001001001510570010(2); 1001001001707290004(2); 1001001001550310007(2)","1001001001171480013(1); 1001001001538710017(1); 1001001001379500008(1); 1001001001439440025(1); 1001001001242770020(1); 1001001001741370001(1); 1001001001732400010(1); 1001001000559020035(1); 1001001001717260005(1); 1001001001540940002(1)","",""
"ros","enc_start_date","object","date","100","20","0","100.0","2025-04-18(11); 2025-04-16(9); 2025-06-27(9); 2025-04-19(8); 2025-06-26(7); 2025-06-24(7); 2025-04-15(6); 2025-06-20(6); 2025-04-21(5); 2025-06-25(5)","2025-04-13(5); 2025-06-23(4); 2025-06-22(4); 2025-06-19(3); 2025-04-14(3); 2025-06-28(2); 2025-04-17(2); 2025-04-20(2); 2025-06-21(1); 2025-05-28(1)","10","10"
"ros","ros_date","object","date","100","20","0","100.0","2025-04-18(11); 2025-04-16(9); 2025-06-27(9); 2025-04-19(8); 2025-06-26(7); 2025-06-24(7); 2025-04-15(6); 2025-06-20(6); 2025-04-21(5); 2025-06-25(5)","2025-04-13(5); 2025-06-23(4); 2025-06-22(4); 2025-06-19(3); 2025-04-14(3); 2025-06-28(2); 2025-04-17(2); 2025-04-20(2); 2025-06-21(1); 2025-05-28(1)","10","10"
"ros","ros_name","object","varchar(255)","100","2","0","100.0","Screenings(96); review of symptoms(4)","Screenings(96); review of symptoms(4)","10","18"
"ros","ros_category","object","varchar(255)","100","2","0","100.0","SCREENINGS(96); ROS -form(4)","SCREENINGS(96); ROS -form(4)","9","10"
"ros","ros_option","object","longtext","100","2","0","100.0","NEUTRAL(99); but I have neuropathy in my feet and legs(1)","NEUTRAL(99); but I have neuropathy in my feet and legs(1)","7","41"
"ros","ros_notes","object","longtext","100","14","0","100.0","I have lost some feeling in my feet.{{yes|no}}(14); I use or have been advised to use a cane or walker to get around safely.{{yes|no}}(13); Do you have a Medical Power of Attorney?{{yes|no}}(13); I steady myself by holding onto furniture when walking home.{{yes|no}}(12); I am worried about falling. {{yes|no}}(11); Sometimes I feel unsteady when I am walking.{{yes|no}}(11); I need to push with my hands to stand up from a chair.{{yes|no}}(6); Do you have a Advanced Directive?{{yes|no}}(6); I have some trouble stepping up onto a curb. {{yes|no}}(5); I have fallen in the past year.{{yes|no}}(5)","I am worried about falling. {{yes|no}}(11); Sometimes I feel unsteady when I am walking.{{yes|no}}(11); I need to push with my hands to stand up from a chair.{{yes|no}}(6); Do you have a Advanced Directive?{{yes|no}}(6); I have some trouble stepping up onto a curb. {{yes|no}}(5); I have fallen in the past year.{{yes|no}}(5); clumsiness(1); dizziness(1); double vision (diplopia)(1); numbness/tingling of arms/legs(1)","9","82"
"ros","created_datetime","datetime64[ns]","datetime","100","1","0","100.0","2026-02-18 06:13:13(100)","2026-02-18 06:13:13(100)","",""
"ros","created_by","object","varchar(2)","100","1","0","100.0","ND(100)","ND(100)","2","2"
"ros","ehr_source_name","object","varchar(10)","100","1","0","100.0","athenaone(100)","athenaone(100)","9","9"
"ros","source_path","object","varchar(15)","100","1","0","100.0","bronze_layer(100)","bronze_layer(100)","12","12"
"ros","data_type","object","varchar(10)","100","1","0","100.0","Structured(100)","Structured(100)","10","10"
"ros","psid","int64","int","100","1","0","100.0","10(100)","10(100)","",""
"ros","ros_id","object","varchar(255)","100","100","0","100.0","62739045(1); 62755881(1); 62727862(1); 62735551(1); 62747638(1); 62738275(1); 62742651(1); 62728633(1); 62744711(1); 62731644(1)","62742416(1); 62718658(1); 62759161(1); 62760546(1); 62725560(1); 62756262(1); 62742032(1); 62742036(1); 62720769(1); 62731175(1)","8","8"
"ros","ros_parameter","object","varchar(255)","100","3","0","100.0","SCREENINGS(96); column 2(2); column 1(2)","SCREENINGS(96); column 2(2); column 1(2)","8","10"
"ros","nd_extracted_date","object","date","100","1","0","100.0","2025-06-01(100)","2025-06-01(100)","10","10"
"ros","udm_inc_id","int64","bigint","100","100","0","100.0","1(1); 2(1); 3(1); 4(1); 5(1); 6(1); 7(1); 8(1); 9(1); 10(1)","91(1); 92(1); 93(1); 94(1); 95(1); 96(1); 97(1); 98(1); 99(1); 100(1)","",""
"ros","enc_date_proxy","object","date","100","20","0","100.0","2025-04-18(11); 2025-04-16(9); 2025-06-27(9); 2025-04-19(8); 2025-06-26(7); 2025-06-24(7); 2025-04-15(6); 2025-06-20(6); 2025-04-21(5); 2025-06-25(5)","2025-04-13(5); 2025-06-23(4); 2025-06-22(4); 2025-06-19(3); 2025-04-14(3); 2025-06-28(2); 2025-04-17(2); 2025-04-20(2); 2025-06-21(1); 2025-05-28(1)","10","10"
"vitals","vital_id","object","decimal(18,0)","100","100","0","100.0","62812654(1); 62813539(1); 62813544(1); 62803970(1); 62813541(1); 62806544(1); 62799256(1); 62803895(1); 62802770(1); 62801894(1)","62813244(1); 62809747(1); 62802212(1); 62805982(1); 62802497(1); 62795393(1); 62807231(1); 62811095(1); 62809794(1); 62811715(1)","8","8"
"vitals","ndid","int64","bigint","100","60","0","100.0","100100100162869(4); 100100100162092(4); 100100100029758(3); 100100100173021(3); 100100100174317(3); 100100100171530(3); 100100100143112(3); 100100100174133(2); 100100100062987(2); 100100100174327(2)","100100100090533(1); 100100100171113(1); 100100100157005(1); 100100100144431(1); 100100100174393(1); 100100100150787(1); 100100100068458(1); 100100100143810(1); 100100100170530(1); 100100100169750(1)","",""
"vitals","eid","int64","bigint","100","60","0","100.0","1001001001628690013(4); 1001001001620920004(4); 1001001000297580004(3); 1001001001730210005(3); 1001001001743170002(3); 1001001001715300006(3); 1001001001431120016(3); 1001001001741330002(2); 1001001000629870037(2); 1001001001743270002(2)","1001001000905330008(1); 1001001001711130002(1); 1001001001570050007(1); 1001001001444310013(1); 1001001001743930002(1); 1001001001507870006(1); 1001001000684580004(1); 1001001001438100010(1); 1001001001705300003(1); 1001001001697500006(1)","",""
"vitals","vital_code","int64","int","100","1","0","100.0","0(100)","0(100)","",""
"vitals","vital_name","object","varchar(100)","100","18","0","100.0","VITALS.BLOODPRESSURE.TYPE(12); VITALS.BLOODPRESSURE.DIASTOLIC(11); VITALS.HEIGHT.TYPE(11); VITALS.BLOODPRESSURE.SYSTOLIC(11); VITALS.HEIGHT(9); VITALS.WEIGHT(7); VITALS.PULSE.TYPE(7); VITALS.WEIGHT.TYPE(6); VITALS.PULSE.RATE(6); VITALS.BLOODPRESSURE.SITE(4)","VITALS.PULSE.RATE(6); VITALS.BLOODPRESSURE.SITE(4); VITALS.HEIGHT.REFUSED(3); VITALS.BLOODPRESSURE.REFUSEDREASON(3); VITALS.WEIGHT.REFUSED(2); VITALS.BMI(2); VITALS.BLOODPRESSURE.DIASTOLICREFUSED(2); VITALS.BMI.REFUSED(2); VITALS.BLOODPRESSURE.REFUSED(1); VITALS.WEIGHT.REFUSEDREASON(1)","10","37"
"vitals","vital_coding_system","object","varchar(10)","100","1","0","100.0","LOINC(100)","LOINC(100)","5","5"
"vitals","vital_date","object","varchar(10)","100","1","0","100.0","2025-06-26(100)","2025-06-26(100)","10","10"
"vitals","vital_time","object","varchar(13)","100","91","0","100.0","10:20:51(2); 15:50:44(2); 11:11:39(2); 13:42:55(2); 11:17:37(2); 07:23:53(2); 10:51:19(2); 10:58:55(2); 12:42:16(2); 14:43:06(1)","15:07:25(1); 13:14:14(1); 09:37:40(1); 11:06:12(1); 09:46:37(1); 06:52:31(1); 12:08:43(1); 13:59:19(1); 13:16:21(1); 14:14:15(1)","8","8"
"vitals","vital_unit","object","varchar(60)","100","2","84","16.0","cm(9); g(7)","cm(9); g(7)","1","2"
"vitals","vital_range","object","binary(0)","100","0","100","0.0","","","",""
"vitals","vital_result","object","varchar(500)","100","44","0","100.0","sitting(12); Not Performed(10); regular(7); Height(7); Not indicated(4); With clothes(4); Stated(4); L arm(4); 78(3); 69(3)","26.9(1); 190(1); 73(1); 92532.84(1); 157.48(1); 180.34(1); 67(1); 66(1); 152.4(1); 83007.4(1)","2","13"
"vitals","created_datetime","datetime64[ns]","datetime","100","1","0","100.0","2026-02-18 06:05:18(100)","2026-02-18 06:05:18(100)","",""
"vitals","created_by","object","varchar(2)","100","1","0","100.0","ND(100)","ND(100)","2","2"
"vitals","updated_datetime","datetime64[ns]","datetime","100","1","0","100.0","2026-02-18 06:05:18(100)","2026-02-18 06:05:18(100)","",""
"vitals","updated_by","object","varchar(2)","100","1","0","100.0","ND(100)","ND(100)","2","2"
"vitals","ehr_source_name","object","varchar(255)","100","1","0","100.0","athenaone(100)","athenaone(100)","9","9"
"vitals","source_path","object","varchar(12)","100","1","0","100.0","bronze_layer(100)","bronze_layer(100)","12","12"
"vitals","data_type","object","varchar(10)","100","1","0","100.0","Structured(100)","Structured(100)","10","10"
"vitals","psid","object","varchar(4)","100","1","0","100.0","10(100)","10(100)","2","2"
"vitals","nd_extracted_date","object","date","100","1","0","100.0","2025-06-01(100)","2025-06-01(100)","10","10"
"vitals","udm_inc_id","int64","bigint","100","100","0","100.0","1(1); 2(1); 3(1); 4(1); 5(1); 6(1); 7(1); 8(1); 9(1); 10(1)","91(1); 92(1); 93(1); 94(1); 95(1); 96(1); 97(1); 98(1); 99(1); 100(1)","",""
"vitals","enc_date_proxy","object","date","100","1","0","100.0","2025-06-26(100)","2025-06-26(100)","10","10"
